Store,Dept,Date,Weekly_Sales,IsHoliday
21,74,03/12/2010,10877.06,False
21,74,10/12/2010,10639.88,False
21,74,17/12/2010,11071.2,False
21,74,24/12/2010,13954.51,False
21,74,31/12/2010,14453.66,True
21,74,07/01/2011,15139.05,False
21,74,14/01/2011,13103.77,False
21,74,21/01/2011,12244.63,False
21,74,28/01/2011,11439.07,False
21,74,04/02/2011,9086.53,False
21,74,11/02/2011,11100.56,True
21,74,18/02/2011,14720.19,False
21,74,25/02/2011,13278.7,False
21,74,04/03/2011,13231.99,False
21,74,11/03/2011,12355.91,False
21,74,18/03/2011,12113.4,False
21,74,25/03/2011,12528.83,False
21,74,01/04/2011,12332.05,False
21,74,08/04/2011,11908.45,False
21,74,15/04/2011,11347.57,False
21,74,22/04/2011,11407.33,False
21,74,29/04/2011,10904.63,False
21,74,06/05/2011,12250.23,False
21,74,13/05/2011,12252.37,False
21,74,20/05/2011,12709.67,False
21,74,27/05/2011,12846.51,False
21,74,03/06/2011,13287.18,False
21,74,10/06/2011,12555.43,False
21,74,17/06/2011,12595.35,False
21,74,24/06/2011,12023.36,False
21,74,01/07/2011,12229.76,False
21,74,08/07/2011,10367.72,False
21,74,15/07/2011,10787.54,False
21,74,22/07/2011,12892.62,False
21,74,29/07/2011,12688.68,False
21,74,05/08/2011,12954.6,False
21,74,12/08/2011,12578.8,False
21,74,19/08/2011,14199.64,False
21,74,26/08/2011,11122.8,False
21,74,02/09/2011,10197.94,False
21,74,09/09/2011,10227.25,True
21,74,16/09/2011,8049.35,False
21,74,23/09/2011,9494.59,False
21,74,30/09/2011,8771.27,False
21,74,07/10/2011,11493.29,False
21,74,14/10/2011,8832.21,False
21,74,21/10/2011,9845.36,False
21,74,28/10/2011,8683.83,False
21,74,04/11/2011,8930.33,False
21,74,11/11/2011,9795.09,False
21,74,18/11/2011,8278.73,False
21,74,25/11/2011,18281.88,True
21,74,02/12/2011,8337.77,False
21,74,09/12/2011,10168.62,False
21,74,16/12/2011,9845.13,False
21,74,23/12/2011,13424.32,False
21,74,30/12/2011,11684.59,True
21,74,06/01/2012,13413.8,False
21,74,13/01/2012,12881.53,False
21,74,20/01/2012,10844.97,False
21,74,27/01/2012,11119.84,False
21,74,03/02/2012,10953.54,False
21,74,10/02/2012,12505.69,True
21,74,17/02/2012,13927.7,False
21,74,24/02/2012,11532.13,False
21,74,02/03/2012,12786.61,False
21,74,09/03/2012,10294.95,False
21,74,16/03/2012,11275.53,False
21,74,23/03/2012,10859.7,False
21,74,30/03/2012,9017.67,False
21,74,06/04/2012,9006.87,False
21,74,13/04/2012,10496.92,False
21,74,20/04/2012,10474.69,False
21,74,27/04/2012,10071.92,False
21,74,04/05/2012,10049.23,False
21,74,11/05/2012,9669.45,False
21,74,18/05/2012,10321.54,False
21,74,25/05/2012,9547.06,False
21,74,01/06/2012,9368.36,False
21,74,08/06/2012,9534.86,False
21,74,15/06/2012,9874.49,False
21,74,22/06/2012,9699.56,False
21,74,29/06/2012,9778.73,False
21,74,06/07/2012,10318.21,False
21,74,13/07/2012,10495.89,False
21,74,20/07/2012,10757.59,False
21,74,27/07/2012,11233.73,False
21,74,03/08/2012,10160.25,False
21,74,10/08/2012,11604.78,False
21,74,17/08/2012,12319.44,False
21,74,24/08/2012,13033.36,False
21,74,31/08/2012,11839.96,False
21,74,07/09/2012,9885.51,True
21,74,14/09/2012,10085.31,False
21,74,21/09/2012,9209.03,False
21,74,28/09/2012,8024.77,False
21,74,05/10/2012,10050.5,False
21,74,12/10/2012,8691.02,False
21,74,19/10/2012,8684.75,False
21,74,26/10/2012,9257.78,False
21,77,25/11/2011,477.0,True
21,77,23/12/2011,175.0,False
21,78,05/02/2010,12.0,False
21,78,30/04/2010,12.0,False
21,78,28/05/2010,12.0,False
21,78,04/06/2010,12.0,False
21,79,05/02/2010,26618.12,False
21,79,12/02/2010,25913.08,True
21,79,19/02/2010,25736.5,False
21,79,26/02/2010,27231.33,False
21,79,05/03/2010,28338.59,False
21,79,12/03/2010,24945.23,False
21,79,19/03/2010,23761.08,False
21,79,26/03/2010,20161.52,False
21,79,02/04/2010,23180.68,False
21,79,09/04/2010,22293.28,False
21,79,16/04/2010,22269.14,False
21,79,23/04/2010,22520.59,False
21,79,30/04/2010,21764.0,False
21,79,07/05/2010,22259.5,False
21,79,14/05/2010,21964.73,False
21,79,21/05/2010,22440.78,False
21,79,28/05/2010,23789.09,False
21,79,04/06/2010,22000.97,False
21,79,11/06/2010,22593.54,False
21,79,18/06/2010,25589.79,False
21,79,25/06/2010,24111.22,False
21,79,02/07/2010,23345.84,False
21,79,09/07/2010,21636.02,False
21,79,16/07/2010,24535.36,False
21,79,23/07/2010,25574.94,False
21,79,30/07/2010,24745.97,False
21,79,06/08/2010,22445.25,False
21,79,13/08/2010,24885.69,False
21,79,20/08/2010,26859.46,False
21,79,27/08/2010,26518.36,False
21,79,03/09/2010,22112.23,False
21,79,10/09/2010,22440.29,True
21,79,17/09/2010,21417.0,False
21,79,24/09/2010,23063.65,False
21,79,01/10/2010,20975.74,False
21,79,08/10/2010,20789.2,False
21,79,15/10/2010,23283.95,False
21,79,22/10/2010,21911.9,False
21,79,29/10/2010,23012.29,False
21,79,05/11/2010,21916.56,False
21,79,12/11/2010,22515.86,False
21,79,19/11/2010,20964.71,False
21,79,26/11/2010,28275.34,True
21,79,03/12/2010,20139.37,False
21,79,10/12/2010,22950.85,False
21,79,17/12/2010,24421.2,False
21,79,24/12/2010,29328.41,False
21,79,31/12/2010,18887.29,True
21,79,07/01/2011,19998.15,False
21,79,14/01/2011,18525.76,False
21,79,21/01/2011,23552.96,False
21,79,28/01/2011,23606.46,False
21,79,04/02/2011,18718.43,False
21,79,11/02/2011,25363.6,True
21,79,18/02/2011,27913.65,False
21,79,25/02/2011,27446.44,False
21,79,04/03/2011,24878.55,False
21,79,11/03/2011,25495.67,False
21,79,18/03/2011,26549.99,False
21,79,25/03/2011,24259.73,False
21,79,01/04/2011,20857.96,False
21,79,08/04/2011,21976.59,False
21,79,15/04/2011,24047.1,False
21,79,22/04/2011,23321.11,False
21,79,29/04/2011,24700.63,False
21,79,06/05/2011,21593.8,False
21,79,13/05/2011,21907.79,False
21,79,20/05/2011,25159.04,False
21,79,27/05/2011,25219.09,False
21,79,03/06/2011,20952.03,False
21,79,10/06/2011,22964.79,False
21,79,17/06/2011,24938.25,False
21,79,24/06/2011,25368.18,False
21,79,01/07/2011,26742.72,False
21,79,08/07/2011,23547.62,False
21,79,15/07/2011,24427.03,False
21,79,22/07/2011,26544.04,False
21,79,29/07/2011,23401.65,False
21,79,05/08/2011,23913.07,False
21,79,12/08/2011,23772.4,False
21,79,19/08/2011,24299.73,False
21,79,26/08/2011,25661.95,False
21,79,02/09/2011,23763.55,False
21,79,09/09/2011,23523.64,True
21,79,16/09/2011,22365.99,False
21,79,23/09/2011,23064.45,False
21,79,30/09/2011,21835.27,False
21,79,07/10/2011,20267.84,False
21,79,14/10/2011,21109.86,False
21,79,21/10/2011,20460.8,False
21,79,28/10/2011,21996.16,False
21,79,04/11/2011,19600.4,False
21,79,11/11/2011,21698.97,False
21,79,18/11/2011,22426.0,False
21,79,25/11/2011,26881.71,True
21,79,02/12/2011,19298.74,False
21,79,09/12/2011,20990.31,False
21,79,16/12/2011,24803.92,False
21,79,23/12/2011,25943.04,False
21,79,30/12/2011,19963.08,True
21,79,06/01/2012,19893.98,False
21,79,13/01/2012,21339.42,False
21,79,20/01/2012,22771.19,False
21,79,27/01/2012,23235.41,False
21,79,03/02/2012,21615.85,False
21,79,10/02/2012,25997.73,True
21,79,17/02/2012,23442.14,False
21,79,24/02/2012,24222.54,False
21,79,02/03/2012,26731.38,False
21,79,09/03/2012,24015.04,False
21,79,16/03/2012,22793.38,False
21,79,23/03/2012,21606.11,False
21,79,30/03/2012,22376.69,False
21,79,06/04/2012,19683.6,False
21,79,13/04/2012,22980.41,False
21,79,20/04/2012,21591.88,False
21,79,27/04/2012,22474.49,False
21,79,04/05/2012,19073.08,False
21,79,11/05/2012,16748.67,False
21,79,18/05/2012,20283.87,False
21,79,25/05/2012,20105.99,False
21,79,01/06/2012,20691.26,False
21,79,08/06/2012,17292.42,False
21,79,15/06/2012,22130.65,False
21,79,22/06/2012,20371.81,False
21,79,29/06/2012,22218.5,False
21,79,06/07/2012,19791.97,False
21,79,13/07/2012,20178.06,False
21,79,20/07/2012,19269.04,False
21,79,27/07/2012,19177.73,False
21,79,03/08/2012,20262.95,False
21,79,10/08/2012,19448.37,False
21,79,17/08/2012,20756.89,False
21,79,24/08/2012,21471.12,False
21,79,31/08/2012,20614.14,False
21,79,07/09/2012,17853.16,True
21,79,14/09/2012,18199.55,False
21,79,21/09/2012,19153.19,False
21,79,28/09/2012,18717.42,False
21,79,05/10/2012,19881.09,False
21,79,12/10/2012,18380.52,False
21,79,19/10/2012,18342.93,False
21,79,26/10/2012,18356.24,False
21,80,05/03/2010,10.44,False
21,80,12/03/2010,3.48,False
21,80,16/04/2010,2.5,False
21,80,21/05/2010,23.88,False
21,80,28/05/2010,0.82,False
21,80,04/06/2010,55.72,False
21,80,11/06/2010,31.84,False
21,80,18/06/2010,7.96,False
21,80,25/06/2010,11.94,False
21,80,09/07/2010,-1.4,False
21,80,16/07/2010,23.88,False
21,80,23/07/2010,11.94,False
21,80,30/07/2010,19.9,False
21,80,06/08/2010,25.17,False
21,80,03/09/2010,5.16,False
21,80,17/09/2010,3.98,False
21,80,24/09/2010,1.29,False
21,80,15/10/2010,-25.02,False
21,80,29/10/2010,1.29,False
21,80,12/11/2010,-17.94,False
21,80,26/11/2010,5.0,True
21,80,17/12/2010,1.98,False
21,80,24/12/2010,5.0,False
21,80,14/01/2011,2.5,False
21,80,28/01/2011,12.62,False
21,80,04/02/2011,30.0,False
21,80,06/05/2011,6.4,False
21,80,24/06/2011,-20.97,False
21,80,08/07/2011,0.1,False
21,80,12/08/2011,1.0,False
21,80,26/08/2011,1.98,False
21,80,16/09/2011,4.0,False
21,80,23/09/2011,8.86,False
21,80,30/09/2011,30.31,False
21,80,07/10/2011,7.0,False
21,80,21/10/2011,42.17,False
21,80,28/10/2011,4.98,False
21,80,04/11/2011,6.48,False
21,80,18/11/2011,94.78,False
21,80,25/11/2011,87.96,True
21,80,02/12/2011,82.62,False
21,80,09/12/2011,176.8,False
21,80,16/12/2011,62.17,False
21,80,23/12/2011,125.74,False
21,80,30/12/2011,103.0,True
21,80,06/01/2012,101.1,False
21,80,13/01/2012,82.24,False
21,80,20/01/2012,143.66,False
21,80,27/01/2012,65.99,False
21,80,03/02/2012,65.65,False
21,80,10/02/2012,45.42,True
21,80,17/02/2012,92.43,False
21,80,24/02/2012,54.38,False
21,80,02/03/2012,110.72,False
21,80,09/03/2012,50.0,False
21,80,16/03/2012,67.34,False
21,80,23/03/2012,90.84,False
21,80,30/03/2012,70.7,False
21,80,06/04/2012,39.72,False
21,80,13/04/2012,112.21,False
21,80,04/05/2012,3.25,False
21,80,11/05/2012,10.48,False
21,80,18/05/2012,4.88,False
21,80,25/05/2012,3.25,False
21,80,01/06/2012,32.7,False
21,80,08/06/2012,31.92,False
21,80,15/06/2012,0.75,False
21,80,22/06/2012,-0.64,False
21,80,29/06/2012,9.25,False
21,80,06/07/2012,5.0,False
21,80,13/07/2012,57.65,False
21,80,20/07/2012,7.96,False
21,80,27/07/2012,82.74,False
21,80,03/08/2012,20.98,False
21,80,10/08/2012,27.18,False
21,80,17/08/2012,1.97,False
21,80,24/08/2012,4.69,False
21,80,31/08/2012,16.01,False
21,80,14/09/2012,11.81,False
21,80,21/09/2012,1.25,False
21,80,28/09/2012,8.15,False
21,80,05/10/2012,64.0,False
21,80,12/10/2012,93.96,False
21,80,19/10/2012,81.97,False
21,80,26/10/2012,10.97,False
21,81,05/02/2010,4309.26,False
21,81,12/02/2010,4222.08,True
21,81,19/02/2010,3854.58,False
21,81,26/02/2010,3918.75,False
21,81,05/03/2010,3911.61,False
21,81,12/03/2010,3818.72,False
21,81,19/03/2010,3851.95,False
21,81,26/03/2010,3650.03,False
21,81,02/04/2010,3722.49,False
21,81,09/04/2010,3725.22,False
21,81,16/04/2010,3772.52,False
21,81,23/04/2010,3651.05,False
21,81,30/04/2010,3772.06,False
21,81,07/05/2010,4110.0,False
21,81,14/05/2010,3692.5,False
21,81,21/05/2010,3997.84,False
21,81,28/05/2010,3924.3,False
21,81,04/06/2010,4376.99,False
21,81,11/06/2010,4657.14,False
21,81,18/06/2010,4437.33,False
21,81,25/06/2010,4688.6,False
21,81,02/07/2010,4120.07,False
21,81,09/07/2010,4280.46,False
21,81,16/07/2010,4325.35,False
21,81,23/07/2010,4295.68,False
21,81,30/07/2010,4071.23,False
21,81,06/08/2010,4185.7,False
21,81,13/08/2010,4201.45,False
21,81,20/08/2010,4056.79,False
21,81,27/08/2010,4479.12,False
21,81,03/09/2010,4385.11,False
21,81,10/09/2010,4078.19,True
21,81,17/09/2010,4207.72,False
21,81,24/09/2010,3830.5,False
21,81,01/10/2010,3830.57,False
21,81,08/10/2010,4025.32,False
21,81,15/10/2010,4606.09,False
21,81,22/10/2010,4312.55,False
21,81,29/10/2010,5082.5,False
21,81,05/11/2010,5216.37,False
21,81,12/11/2010,5481.94,False
21,81,19/11/2010,5823.47,False
21,81,26/11/2010,5844.13,True
21,81,03/12/2010,5430.35,False
21,81,10/12/2010,5746.31,False
21,81,17/12/2010,6071.54,False
21,81,24/12/2010,5858.13,False
21,81,31/12/2010,4392.55,True
21,81,07/01/2011,6420.47,False
21,81,14/01/2011,6179.1,False
21,81,21/01/2011,6414.2,False
21,81,28/01/2011,5805.36,False
21,81,04/02/2011,5994.47,False
21,81,11/02/2011,6459.19,True
21,81,18/02/2011,5479.47,False
21,81,25/02/2011,6352.21,False
21,81,04/03/2011,6343.29,False
21,81,11/03/2011,7059.9,False
21,81,18/03/2011,7011.68,False
21,81,25/03/2011,6276.65,False
21,81,01/04/2011,6176.79,False
21,81,08/04/2011,5909.65,False
21,81,15/04/2011,5385.53,False
21,81,22/04/2011,5803.08,False
21,81,29/04/2011,5707.62,False
21,81,06/05/2011,5899.3,False
21,81,13/05/2011,4920.31,False
21,81,20/05/2011,5379.51,False
21,81,27/05/2011,5479.18,False
21,81,03/06/2011,5312.46,False
21,81,10/06/2011,5869.69,False
21,81,17/06/2011,5852.22,False
21,81,24/06/2011,5706.7,False
21,81,01/07/2011,5541.78,False
21,81,08/07/2011,5635.95,False
21,81,15/07/2011,5053.07,False
21,81,22/07/2011,5313.68,False
21,81,29/07/2011,5466.79,False
21,81,05/08/2011,5378.71,False
21,81,12/08/2011,5218.01,False
21,81,19/08/2011,5599.97,False
21,81,26/08/2011,5492.48,False
21,81,02/09/2011,5069.18,False
21,81,09/09/2011,5127.9,True
21,81,16/09/2011,4887.96,False
21,81,23/09/2011,4404.67,False
21,81,30/09/2011,4506.7,False
21,81,07/10/2011,4934.27,False
21,81,14/10/2011,5051.34,False
21,81,21/10/2011,5210.31,False
21,81,28/10/2011,4770.67,False
21,81,04/11/2011,5008.2,False
21,81,11/11/2011,5134.59,False
21,81,18/11/2011,5379.85,False
21,81,25/11/2011,4905.84,True
21,81,02/12/2011,4829.07,False
21,81,09/12/2011,5457.84,False
21,81,16/12/2011,5518.04,False
21,81,23/12/2011,5241.3,False
21,81,30/12/2011,4198.89,True
21,81,06/01/2012,5685.3,False
21,81,13/01/2012,5219.15,False
21,81,20/01/2012,5479.75,False
21,81,27/01/2012,5466.46,False
21,81,03/02/2012,5779.73,False
21,81,10/02/2012,5637.17,True
21,81,17/02/2012,6128.51,False
21,81,24/02/2012,5606.27,False
21,81,02/03/2012,5724.63,False
21,81,09/03/2012,6035.73,False
21,81,16/03/2012,5929.22,False
21,81,23/03/2012,5378.16,False
21,81,30/03/2012,5569.08,False
21,81,06/04/2012,5942.64,False
21,81,13/04/2012,6458.67,False
21,81,20/04/2012,6137.31,False
21,81,27/04/2012,6038.77,False
21,81,04/05/2012,5755.17,False
21,81,11/05/2012,5765.52,False
21,81,18/05/2012,6093.92,False
21,81,25/05/2012,6161.03,False
21,81,01/06/2012,5520.64,False
21,81,08/06/2012,5863.66,False
21,81,15/06/2012,5921.83,False
21,81,22/06/2012,5972.88,False
21,81,29/06/2012,5860.31,False
21,81,06/07/2012,6382.99,False
21,81,13/07/2012,5973.58,False
21,81,20/07/2012,6116.95,False
21,81,27/07/2012,5840.92,False
21,81,03/08/2012,5674.34,False
21,81,10/08/2012,5623.75,False
21,81,17/08/2012,5713.94,False
21,81,24/08/2012,6422.02,False
21,81,31/08/2012,6484.12,False
21,81,07/09/2012,5751.23,True
21,81,14/09/2012,5707.36,False
21,81,21/09/2012,6040.5,False
21,81,28/09/2012,5979.96,False
21,81,05/10/2012,6001.63,False
21,81,12/10/2012,6069.79,False
21,81,19/10/2012,5835.58,False
21,81,26/10/2012,6087.83,False
21,82,05/02/2010,12290.59,False
21,82,12/02/2010,14176.96,True
21,82,19/02/2010,16242.02,False
21,82,26/02/2010,13770.67,False
21,82,05/03/2010,12690.88,False
21,82,12/03/2010,13341.78,False
21,82,19/03/2010,13502.83,False
21,82,26/03/2010,11632.74,False
21,82,02/04/2010,13256.92,False
21,82,09/04/2010,11860.29,False
21,82,16/04/2010,11697.26,False
21,82,23/04/2010,14117.41,False
21,82,30/04/2010,11216.4,False
21,82,07/05/2010,12872.54,False
21,82,14/05/2010,12468.9,False
21,82,21/05/2010,12950.31,False
21,82,28/05/2010,13267.72,False
21,82,04/06/2010,13766.59,False
21,82,11/06/2010,13629.68,False
21,82,18/06/2010,14168.16,False
21,82,25/06/2010,13348.3,False
21,82,02/07/2010,12994.26,False
21,82,09/07/2010,12595.95,False
21,82,16/07/2010,13442.92,False
21,82,23/07/2010,13322.16,False
21,82,30/07/2010,12644.99,False
21,82,06/08/2010,12866.77,False
21,82,13/08/2010,13437.62,False
21,82,20/08/2010,13762.73,False
21,82,27/08/2010,14378.1,False
21,82,03/09/2010,13118.68,False
21,82,10/09/2010,11949.98,True
21,82,17/09/2010,12860.26,False
21,82,24/09/2010,12326.13,False
21,82,01/10/2010,13432.78,False
21,82,08/10/2010,14212.99,False
21,82,15/10/2010,13076.23,False
21,82,22/10/2010,13585.85,False
21,82,29/10/2010,14297.19,False
21,82,05/11/2010,13978.56,False
21,82,12/11/2010,14491.61,False
21,82,19/11/2010,14543.29,False
21,82,26/11/2010,16383.02,True
21,82,03/12/2010,17554.0,False
21,82,10/12/2010,22406.02,False
21,82,17/12/2010,29087.95,False
21,82,24/12/2010,49976.24,False
21,82,31/12/2010,15090.11,True
21,82,07/01/2011,12741.98,False
21,82,14/01/2011,13850.28,False
21,82,21/01/2011,14125.96,False
21,82,28/01/2011,13362.71,False
21,82,04/02/2011,11655.5,False
21,82,11/02/2011,19009.02,True
21,82,18/02/2011,18987.59,False
21,82,25/02/2011,16410.04,False
21,82,04/03/2011,16271.56,False
21,82,11/03/2011,14953.63,False
21,82,18/03/2011,16444.57,False
21,82,25/03/2011,15031.39,False
21,82,01/04/2011,14375.86,False
21,82,08/04/2011,13701.42,False
21,82,15/04/2011,14894.01,False
21,82,22/04/2011,14243.4,False
21,82,29/04/2011,14325.31,False
21,82,06/05/2011,13544.98,False
21,82,13/05/2011,12981.48,False
21,82,20/05/2011,13794.54,False
21,82,27/05/2011,15943.53,False
21,82,03/06/2011,15186.99,False
21,82,10/06/2011,14820.02,False
21,82,17/06/2011,14612.99,False
21,82,24/06/2011,13432.24,False
21,82,01/07/2011,18501.77,False
21,82,08/07/2011,15799.06,False
21,82,15/07/2011,13878.09,False
21,82,22/07/2011,18154.32,False
21,82,29/07/2011,15059.07,False
21,82,05/08/2011,16945.85,False
21,82,12/08/2011,14674.37,False
21,82,19/08/2011,15410.61,False
21,82,26/08/2011,15985.29,False
21,82,02/09/2011,18100.66,False
21,82,09/09/2011,13979.45,True
21,82,16/09/2011,12928.93,False
21,82,23/09/2011,18215.55,False
21,82,30/09/2011,12721.77,False
21,82,07/10/2011,13126.53,False
21,82,14/10/2011,14083.52,False
21,82,21/10/2011,15275.87,False
21,82,28/10/2011,15727.95,False
21,82,04/11/2011,13419.86,False
21,82,11/11/2011,16901.42,False
21,82,18/11/2011,13720.1,False
21,82,25/11/2011,17629.95,True
21,82,02/12/2011,15165.16,False
21,82,09/12/2011,18872.29,False
21,82,16/12/2011,25574.02,False
21,82,23/12/2011,47162.89,False
21,82,30/12/2011,22918.31,True
21,82,06/01/2012,12552.82,False
21,82,13/01/2012,13629.93,False
21,82,20/01/2012,12953.63,False
21,82,27/01/2012,13615.64,False
21,82,03/02/2012,13263.87,False
21,82,10/02/2012,16080.9,True
21,82,17/02/2012,15014.06,False
21,82,24/02/2012,15168.12,False
21,82,02/03/2012,16240.95,False
21,82,09/03/2012,16608.56,False
21,82,16/03/2012,15297.19,False
21,82,23/03/2012,15257.3,False
21,82,30/03/2012,14391.09,False
21,82,06/04/2012,15853.2,False
21,82,13/04/2012,14925.37,False
21,82,20/04/2012,14071.51,False
21,82,27/04/2012,14406.27,False
21,82,04/05/2012,12960.58,False
21,82,11/05/2012,12671.71,False
21,82,18/05/2012,13839.78,False
21,82,25/05/2012,15095.03,False
21,82,01/06/2012,13735.25,False
21,82,08/06/2012,14117.45,False
21,82,15/06/2012,15132.31,False
21,82,22/06/2012,15790.24,False
21,82,29/06/2012,17626.13,False
21,82,06/07/2012,13906.05,False
21,82,13/07/2012,14607.52,False
21,82,20/07/2012,15245.59,False
21,82,27/07/2012,13062.69,False
21,82,03/08/2012,13460.3,False
21,82,10/08/2012,13368.99,False
21,82,17/08/2012,15821.53,False
21,82,24/08/2012,16140.85,False
21,82,31/08/2012,14938.97,False
21,82,07/09/2012,11507.11,True
21,82,14/09/2012,12091.2,False
21,82,21/09/2012,12332.59,False
21,82,28/09/2012,13803.51,False
21,82,05/10/2012,13920.07,False
21,82,12/10/2012,12873.7,False
21,82,19/10/2012,13979.29,False
21,82,26/10/2012,14190.06,False
21,83,05/02/2010,205.42,False
21,83,12/02/2010,183.4,True
21,83,19/02/2010,181.86,False
21,83,26/02/2010,347.91,False
21,83,05/03/2010,398.67,False
21,83,12/03/2010,382.12,False
21,83,19/03/2010,420.3,False
21,83,26/03/2010,523.04,False
21,83,02/04/2010,633.94,False
21,83,09/04/2010,391.48,False
21,83,16/04/2010,385.4,False
21,83,23/04/2010,353.12,False
21,83,30/04/2010,454.76,False
21,83,07/05/2010,351.8,False
21,83,14/05/2010,319.88,False
21,83,21/05/2010,247.54,False
21,83,28/05/2010,360.14,False
21,83,04/06/2010,432.74,False
21,83,11/06/2010,315.26,False
21,83,18/06/2010,294.46,False
21,83,25/06/2010,255.04,False
21,83,02/07/2010,308.88,False
21,83,09/07/2010,342.44,False
21,83,16/07/2010,373.98,False
21,83,23/07/2010,383.9,False
21,83,30/07/2010,304.64,False
21,83,06/08/2010,312.22,False
21,83,13/08/2010,442.84,False
21,83,20/08/2010,329.66,False
21,83,27/08/2010,394.66,False
21,83,03/09/2010,358.08,False
21,83,10/09/2010,437.22,True
21,83,17/09/2010,448.3,False
21,83,24/09/2010,320.04,False
21,83,01/10/2010,396.64,False
21,83,08/10/2010,295.2,False
21,83,15/10/2010,317.1,False
21,83,22/10/2010,203.74,False
21,83,29/10/2010,161.3,False
21,83,05/11/2010,235.62,False
21,83,12/11/2010,151.54,False
21,83,19/11/2010,103.62,False
21,83,26/11/2010,154.36,True
21,83,03/12/2010,96.38,False
21,83,10/12/2010,112.3,False
21,83,17/12/2010,80.78,False
21,83,24/12/2010,116.52,False
21,83,31/12/2010,121.84,True
21,83,07/01/2011,126.96,False
21,83,14/01/2011,201.2,False
21,83,21/01/2011,101.94,False
21,83,28/01/2011,165.86,False
21,83,04/02/2011,74.42,False
21,83,11/02/2011,191.66,True
21,83,18/02/2011,224.64,False
21,83,25/02/2011,179.92,False
21,83,04/03/2011,172.98,False
21,83,11/03/2011,198.7,False
21,83,18/03/2011,113.1,False
21,83,25/03/2011,154.82,False
21,83,01/04/2011,167.1,False
21,83,08/04/2011,117.16,False
21,83,15/04/2011,171.92,False
21,83,22/04/2011,220.7,False
21,83,29/04/2011,125.98,False
21,83,06/05/2011,170.3,False
21,83,13/05/2011,148.2,False
21,83,20/05/2011,142.74,False
21,83,27/05/2011,171.6,False
21,83,03/06/2011,91.26,False
21,83,10/06/2011,165.22,False
21,83,17/06/2011,262.06,False
21,83,24/06/2011,305.12,False
21,83,01/07/2011,238.02,False
21,83,08/07/2011,29.24,False
21,83,15/07/2011,81.64,False
21,83,22/07/2011,200.06,False
21,83,29/07/2011,245.72,False
21,83,05/08/2011,192.94,False
21,83,12/08/2011,182.58,False
21,83,19/08/2011,150.96,False
21,83,26/08/2011,125.42,False
21,83,02/09/2011,88.24,False
21,83,09/09/2011,68.16,True
21,83,16/09/2011,131.14,False
21,83,23/09/2011,64.94,False
21,83,30/09/2011,71.56,False
21,83,07/10/2011,98.7,False
21,83,14/10/2011,167.3,False
21,83,21/10/2011,88.08,False
21,83,28/10/2011,97.56,False
21,83,04/11/2011,112.62,False
21,83,11/11/2011,199.98,False
21,83,18/11/2011,192.32,False
21,83,25/11/2011,118.26,True
21,83,02/12/2011,121.2,False
21,83,09/12/2011,465.48,False
21,83,16/12/2011,200.62,False
21,83,23/12/2011,260.24,False
21,83,30/12/2011,116.3,True
21,83,06/01/2012,117.44,False
21,83,13/01/2012,158.34,False
21,83,20/01/2012,133.84,False
21,83,27/01/2012,103.08,False
21,83,03/02/2012,89.56,False
21,83,10/02/2012,127.62,True
21,83,17/02/2012,160.84,False
21,83,24/02/2012,216.4,False
21,83,02/03/2012,125.2,False
21,83,09/03/2012,87.1,False
21,83,16/03/2012,62.22,False
21,83,23/03/2012,93.2,False
21,83,30/03/2012,163.4,False
21,83,06/04/2012,67.46,False
21,83,13/04/2012,169.44,False
21,83,20/04/2012,67.28,False
21,83,27/04/2012,153.98,False
21,83,04/05/2012,117.16,False
21,83,11/05/2012,98.32,False
21,83,18/05/2012,111.88,False
21,83,25/05/2012,136.76,False
21,83,01/06/2012,107.22,False
21,83,08/06/2012,142.04,False
21,83,15/06/2012,125.26,False
21,83,22/06/2012,154.96,False
21,83,29/06/2012,94.16,False
21,83,06/07/2012,185.74,False
21,83,13/07/2012,158.62,False
21,83,20/07/2012,87.06,False
21,83,27/07/2012,121.36,False
21,83,03/08/2012,85.4,False
21,83,10/08/2012,132.96,False
21,83,17/08/2012,73.38,False
21,83,24/08/2012,135.6,False
21,83,31/08/2012,198.62,False
21,83,07/09/2012,117.74,True
21,83,14/09/2012,224.04,False
21,83,21/09/2012,172.68,False
21,83,28/09/2012,91.66,False
21,83,05/10/2012,167.06,False
21,83,12/10/2012,199.1,False
21,83,19/10/2012,121.56,False
21,83,26/10/2012,132.38,False
21,85,05/02/2010,1578.59,False
21,85,12/02/2010,1779.66,True
21,85,19/02/2010,1349.05,False
21,85,26/02/2010,1867.27,False
21,85,05/03/2010,1382.85,False
21,85,12/03/2010,1428.0,False
21,85,19/03/2010,1615.1,False
21,85,26/03/2010,1505.7,False
21,85,02/04/2010,1770.23,False
21,85,09/04/2010,1171.29,False
21,85,16/04/2010,1280.91,False
21,85,23/04/2010,1923.79,False
21,85,30/04/2010,1800.29,False
21,85,07/05/2010,2055.81,False
21,85,14/05/2010,1659.27,False
21,85,21/05/2010,1781.12,False
21,85,28/05/2010,1850.35,False
21,85,04/06/2010,1629.18,False
21,85,11/06/2010,2208.75,False
21,85,18/06/2010,1916.01,False
21,85,25/06/2010,1972.67,False
21,85,02/07/2010,1594.14,False
21,85,09/07/2010,1799.57,False
21,85,16/07/2010,1594.69,False
21,85,23/07/2010,1660.93,False
21,85,30/07/2010,1943.41,False
21,85,06/08/2010,1845.13,False
21,85,13/08/2010,1425.25,False
21,85,20/08/2010,1698.7,False
21,85,27/08/2010,1581.45,False
21,85,03/09/2010,1391.74,False
21,85,10/09/2010,1634.4,True
21,85,17/09/2010,1742.18,False
21,85,24/09/2010,1700.17,False
21,85,01/10/2010,1601.97,False
21,85,08/10/2010,1643.12,False
21,85,15/10/2010,1340.46,False
21,85,22/10/2010,1726.53,False
21,85,29/10/2010,1568.38,False
21,85,05/11/2010,1576.18,False
21,85,12/11/2010,1722.81,False
21,85,19/11/2010,1885.12,False
21,85,26/11/2010,1548.37,True
21,85,03/12/2010,1940.09,False
21,85,10/12/2010,2474.56,False
21,85,17/12/2010,4287.24,False
21,85,24/12/2010,3291.34,False
21,85,31/12/2010,1392.78,True
21,85,07/01/2011,1340.2,False
21,85,14/01/2011,1277.34,False
21,85,21/01/2011,1580.5,False
21,85,28/01/2011,1063.73,False
21,85,04/02/2011,699.34,False
21,85,11/02/2011,1468.01,True
21,85,18/02/2011,1360.45,False
21,85,25/02/2011,1649.26,False
21,85,04/03/2011,1483.55,False
21,85,11/03/2011,1517.94,False
21,85,18/03/2011,1333.64,False
21,85,25/03/2011,1409.5,False
21,85,01/04/2011,1464.44,False
21,85,08/04/2011,1299.02,False
21,85,15/04/2011,1523.55,False
21,85,22/04/2011,1243.38,False
21,85,29/04/2011,1457.4,False
21,85,06/05/2011,1814.1,False
21,85,13/05/2011,1431.75,False
21,85,20/05/2011,1582.02,False
21,85,27/05/2011,1700.37,False
21,85,03/06/2011,1667.59,False
21,85,10/06/2011,1751.06,False
21,85,17/06/2011,1580.75,False
21,85,24/06/2011,1847.68,False
21,85,01/07/2011,1474.81,False
21,85,08/07/2011,1125.93,False
21,85,15/07/2011,1334.64,False
21,85,22/07/2011,1403.75,False
21,85,29/07/2011,1220.15,False
21,85,05/08/2011,1440.38,False
21,85,12/08/2011,1293.34,False
21,85,19/08/2011,1193.64,False
21,85,26/08/2011,1476.73,False
21,85,02/09/2011,1201.26,False
21,85,09/09/2011,1132.2,True
21,85,16/09/2011,1114.08,False
21,85,23/09/2011,1484.95,False
21,85,30/09/2011,1612.18,False
21,85,07/10/2011,977.71,False
21,85,14/10/2011,1482.98,False
21,85,21/10/2011,1097.54,False
21,85,28/10/2011,1579.34,False
21,85,04/11/2011,1185.42,False
21,85,11/11/2011,1212.07,False
21,85,18/11/2011,914.58,False
21,85,25/11/2011,1602.41,True
21,85,02/12/2011,1809.09,False
21,85,09/12/2011,1651.75,False
21,85,16/12/2011,2775.37,False
21,85,23/12/2011,3309.61,False
21,85,30/12/2011,1661.18,True
21,85,06/01/2012,1404.39,False
21,85,13/01/2012,935.9,False
21,85,20/01/2012,1657.62,False
21,85,27/01/2012,1128.16,False
21,85,03/02/2012,817.5,False
21,85,10/02/2012,1146.79,True
21,85,17/02/2012,932.96,False
21,85,24/02/2012,1331.09,False
21,85,02/03/2012,949.85,False
21,85,09/03/2012,833.55,False
21,85,16/03/2012,1010.39,False
21,85,23/03/2012,1130.77,False
21,85,30/03/2012,1245.89,False
21,85,06/04/2012,853.44,False
21,85,13/04/2012,713.19,False
21,85,20/04/2012,973.92,False
21,85,27/04/2012,1099.15,False
21,85,04/05/2012,520.93,False
21,85,11/05/2012,1023.76,False
21,85,18/05/2012,1553.76,False
21,85,25/05/2012,1146.99,False
21,85,01/06/2012,1334.76,False
21,85,08/06/2012,1095.84,False
21,85,15/06/2012,1413.38,False
21,85,22/06/2012,1147.12,False
21,85,29/06/2012,1034.72,False
21,85,06/07/2012,886.38,False
21,85,13/07/2012,909.13,False
21,85,20/07/2012,1318.11,False
21,85,27/07/2012,1087.56,False
21,85,03/08/2012,1406.14,False
21,85,10/08/2012,1211.54,False
21,85,17/08/2012,1309.11,False
21,85,24/08/2012,934.73,False
21,85,31/08/2012,935.03,False
21,85,07/09/2012,442.41,True
21,85,14/09/2012,974.4,False
21,85,21/09/2012,796.76,False
21,85,28/09/2012,769.5,False
21,85,05/10/2012,762.57,False
21,85,12/10/2012,724.75,False
21,85,19/10/2012,1049.81,False
21,85,26/10/2012,789.78,False
21,87,05/02/2010,8916.71,False
21,87,12/02/2010,7457.36,True
21,87,19/02/2010,8926.45,False
21,87,26/02/2010,7209.97,False
21,87,05/03/2010,7627.73,False
21,87,12/03/2010,6863.59,False
21,87,19/03/2010,6686.87,False
21,87,26/03/2010,6551.95,False
21,87,02/04/2010,7605.53,False
21,87,09/04/2010,6591.5,False
21,87,16/04/2010,6092.6,False
21,87,23/04/2010,6377.0,False
21,87,30/04/2010,7075.73,False
21,87,07/05/2010,7745.16,False
21,87,14/05/2010,6860.47,False
21,87,21/05/2010,6588.14,False
21,87,28/05/2010,8336.58,False
21,87,04/06/2010,7779.19,False
21,87,11/06/2010,8813.09,False
21,87,18/06/2010,7215.92,False
21,87,25/06/2010,8904.79,False
21,87,02/07/2010,7789.77,False
21,87,09/07/2010,9233.2,False
21,87,16/07/2010,7926.76,False
21,87,23/07/2010,6777.58,False
21,87,30/07/2010,9034.44,False
21,87,06/08/2010,6709.28,False
21,87,13/08/2010,7039.17,False
21,87,20/08/2010,8231.16,False
21,87,27/08/2010,9094.56,False
21,87,03/09/2010,8921.73,False
21,87,10/09/2010,7217.96,True
21,87,17/09/2010,7831.54,False
21,87,24/09/2010,8129.1,False
21,87,01/10/2010,7615.49,False
21,87,08/10/2010,7997.95,False
21,87,15/10/2010,6496.66,False
21,87,22/10/2010,6651.72,False
21,87,29/10/2010,6084.53,False
21,87,05/11/2010,7679.8,False
21,87,12/11/2010,7302.13,False
21,87,19/11/2010,8093.49,False
21,87,26/11/2010,8225.9,True
21,87,03/12/2010,7625.66,False
21,87,10/12/2010,7646.49,False
21,87,17/12/2010,6420.73,False
21,87,24/12/2010,11634.23,False
21,87,31/12/2010,7327.02,True
21,87,07/01/2011,7338.14,False
21,87,14/01/2011,6520.38,False
21,87,21/01/2011,6657.71,False
21,87,28/01/2011,6702.71,False
21,87,04/02/2011,5573.93,False
21,87,11/02/2011,6589.14,True
21,87,18/02/2011,8278.58,False
21,87,25/02/2011,8476.39,False
21,87,04/03/2011,7894.78,False
21,87,11/03/2011,7566.89,False
21,87,18/03/2011,6505.92,False
21,87,25/03/2011,6654.35,False
21,87,01/04/2011,6662.93,False
21,87,08/04/2011,5785.11,False
21,87,15/04/2011,6879.28,False
21,87,22/04/2011,6169.46,False
21,87,29/04/2011,6047.51,False
21,87,06/05/2011,6848.21,False
21,87,13/05/2011,7230.94,False
21,87,20/05/2011,7312.78,False
21,87,27/05/2011,7303.85,False
21,87,03/06/2011,7488.03,False
21,87,10/06/2011,7528.6,False
21,87,17/06/2011,7955.18,False
21,87,24/06/2011,7332.44,False
21,87,01/07/2011,7770.76,False
21,87,08/07/2011,7688.61,False
21,87,15/07/2011,6964.32,False
21,87,22/07/2011,7597.66,False
21,87,29/07/2011,7262.75,False
21,87,05/08/2011,8249.94,False
21,87,12/08/2011,7366.94,False
21,87,19/08/2011,7008.81,False
21,87,26/08/2011,7921.78,False
21,87,02/09/2011,7744.62,False
21,87,09/09/2011,6931.86,True
21,87,16/09/2011,6480.53,False
21,87,23/09/2011,6876.22,False
21,87,30/09/2011,8009.79,False
21,87,07/10/2011,7641.66,False
21,87,14/10/2011,6621.68,False
21,87,21/10/2011,6086.62,False
21,87,28/10/2011,7279.39,False
21,87,04/11/2011,7429.22,False
21,87,11/11/2011,7266.94,False
21,87,18/11/2011,6919.97,False
